ACCCACCAGTAAGAC,HT1
GGTCGAGAGCATTCA,HT2
CTTGCCGCATGTCAT,HT3
AAAGCATTCTTCACG,HT4
CTTTGTCTTTGTGAG,HT5
TATGCTGCCACGGTA,HT6
GAGTCTGCCAGTATC,HT7
TATAGAACGCCAGGC,HT8
TGCCTATGAAACAAG,HT9
CCGATTGTAACAGAC,HT10
AACAAGACCCTTGAG,CD4
TACCCGTAATAGCGT,CD8a
ATTGGCACTCAGATG,TIM-3
GAAAGTCAAAGCACT,PD-1
TGCATGTCATCGGTG,c-KIT
AAGTCGTGAGGCATG,Ly-6C
TGAAGGCTCATTTGT,CD11b
ACATTGACGCAACTA,Ly-6g
TTCCGAGGATGATCT,ITA6
TGGCTTCAGGTCCTA,CD44
ATAACCGACACAGTG,ICAM1
CCGATCAGCCGTTTA,THY1.2
GCTAGTTTGTGCTGC,CD15
GCCGGACGACATTAA,Isotype-IgG1k
CTCCTACCTAAACTG,Isotype-IgG2ak
ATATGTATCACGCGA,Isotype-IgG2bk
ATCAGCCATGTCAGT,CD19
TGGCTATGGAGCAGA,CD45
GTAGCAAGATTCAAG,FLT3
CCTACACCTCATAAT,B220
TTCCGTTGTTGTGAG,CSF1R
GTTATGGACGCTTGC,CD11c
TTCGATGCTGGAGCA,CD16
TTGGAGGGTTGTGCT,CD43
CAGCTCAGTGTGTTG,CD5
TGGGCCTAAGTCATC,CD62L
TTAACTTCAGCCCGT,F4-80
AGTCACCTCGAAGCT,FCER1A
TAGTGTATGGACACG,Gr-1
GGTCACCAGTATGAT,I-A_I-E
GTAACATTACTCGTC,NK1.1
TCCTATGGGACTCAG,TCRb
AACCCAAATAGCTGA,TCR-gd
GCGCGTTTGTGCTAT,TER-119
TTCCTTTCCTACGCA,Sca-1
CACCGTCATTCAACC,CD45.2
CGCGCACCCATTAAA,ICOS
CCTATGGACTTGGAC,CD45.1
GTATGTCCGCTCGAT,CD3
CCCTTTCACCTCGAA,NKp46
TCGATTCCACCAACT,PD-L1
CAAGGTATGTCACTG,CD27
GGCACTCTGTAACAT,GITR
TCCCTGTATAGATGA,CD137
CTCACCTACCTATGG,OX-40
TTGTATTCCGCCATT,CD69
GTGTGAGGCACTCTT,IL-7Ra
CTGGATTTGTGTATC,CD86
TTCATTAGCCCGCTG,CD103
AGCAATTAACGGGAG,FCGR1
CAACGCCTAGAAACC,SLAM
AGAGTCTCCCTTTAG,CD11a
ATTAAGAGCGTGTTG,CD28
AAGCTGCACCGTAAT,TCR-vg2
TATATCTTTGCCGCA,CD24
TCCTTGGATGTACCG,ITB7
GTTCACGCCGTGTTA,CXCR3
GTAGTAGGCTAGACC,KLRG1
CTCAACAGTATTCTG,TCR-vb5.1_TCR-vb5.2
TTATTAACAGCCCAC,CCR7
ATTCCGTCCCTAAGG,LAG-3
AGTATGGGATGCAAT,THY1.1
GATTCCCTTGTAGCA,SIRPA
AACCAACAGTCACGT,CD14
CGATTTGTATTCCCT,CD207
ATTGACGACAGTCAT,Siglec-1
ACCCGCGTTAGTATG,Ep-CAM
AGCTACGCATTCAAT,IgM
CGTATCCGTCTCCTA,CD38
CTTTCTTTCACGGGA,CD68
CACTCTCAGTCCTAT,CX3CR1
TCCATTACCCACGTT,XCR1
GCGTTTGTATGTACT,CD138
TGTGGTAGCCCTTGT,PDCA1
AAACTCAGGTCCTTC,CD34
GCGTATTTAACCCGT,CD39
GCGATGGAGCATGTT,IL1RL1
ACGTAGTCACCTAGT,CXCR5
ACTGCCATATCCCTA,ICOS
GAAAGTCGCCAACAG,TIGIT
GACCCGGTGTCATTT,CD80
CCATTCATTTGTGGC,CD49a
GATGCAATTAGCCGG,Galectin-3
ATTTGTATGCTGGAG,CD40
GCTGTAGTATCATGT,CD31
AAATCTGTGCCGTAC,LAMP-1
ATCTCCGTTGTGCGA,CCR8
TTTCCTTGTAGAGCG,CXCR2
TTCTTTACCCGCCTG,CD61
GAACCGTAGTATAAC,IL-4Ra
CACATCGTTTGTGTA,FAS
TCTCAGAACAGCCCT,OX40L
TTGACCCGCTACGAA,TCR-va2
TTAGAGTCGCTTGGA,TCR-va8.3
CTTTCCCTAGTATGC,TCR-va8.3-bis
CTTACCCGGATTCTA,TCR-va11.1_TCR-va11.2
ATCAACCGCCCTAAG,TCR-gd-bis