DNA_ID,Clone,Target,Protein,Gene.Symbol,DNA.Barcode,,PROTEIN_SYMBOL
C0001,RM4-5,anti-mouse CD4,CD4,Cd4,AACAAGACCCTTGAG,,CD4_AACAAGACCCTTGAG
C0002,53-6.7,anti-mouse CD8a,CD8a,Cd8a,TACCCGTAATAGCGT,,CD8a_TACCCGTAATAGCGT
C0003,RMT3-23,anti-mouse CD366 (Tim-3),TIM-3,Havrc2,ATTGGCACTCAGATG,,TIM-3_ATTGGCACTCAGATG
C0004,RMP1-30,anti-mouse CD279 (PD-1),PD-1,Pdcd1,GAAAGTCAAAGCACT,,PD-1_GAAAGTCAAAGCACT
C0012,2B8,anti-mouse CD117 (c-kit),c-KIT,Kit,TGCATGTCATCGGTG,,c-KIT_TGCATGTCATCGGTG
C0013,HK1.4,anti-mouse Ly-6C,Ly-6C,Ly6c1_Ly6c2,AAGTCGTGAGGCATG,,Ly-6C_AAGTCGTGAGGCATG
C0014,M1/70,anti-mouse/human CD11b,CD11b,Itgam,TGAAGGCTCATTTGT,,CD11b_TGAAGGCTCATTTGT
C0015,1A8,anti-mouse Ly-6G,Ly-6g,Ly6g,ACATTGACGCAACTA,,Ly-6g_ACATTGACGCAACTA
C0070,GoH3,anti-human/mouse CD49f,ITA6,Itga6,TTCCGAGGATGATCT,,ITA6_TTCCGAGGATGATCT
C0073,IM7,anti-mouse/human CD44,CD44,Cd44,TGGCTTCAGGTCCTA,,CD44_TGGCTTCAGGTCCTA
C0074,YN1/1.7.4,anti-mouse CD54,ICAM1,Icam1,ATAACCGACACAGTG,,ICAM1_ATAACCGACACAGTG
C0075,30-H12,anti-mouse CD90.2,THY1.2,Thy1,CCGATCAGCCGTTTA,,THY1.2_CCGATCAGCCGTTTA
C0076,MC-480,anti-mouse/human CD15 (SSEA-1),CD15,Fut4,GCTAGTTTGTGCTGC,,CD15_GCTAGTTTGTGCTGC
C0090,MOPC-21,"Mouse IgG1, k isotype Ctrl",Isotype-IgG1k,,GCCGGACGACATTAA,,Isotype-IgG1k_GCCGGACGACATTAA
C0091,MOPC-173,"Mouse IgG2a, k  isotype Ctrl",Isotype-IgG2ak,,CTCCTACCTAAACTG,,Isotype-IgG2ak_CTCCTACCTAAACTG
C0092,MPC-11,"Mouse IgG2b, k isotype Ctrl",Isotype-IgG2bk,,ATATGTATCACGCGA,,Isotype-IgG2bk_ATATGTATCACGCGA
C0093,6D5,anti-mouse CD19,CD19,Cd19,ATCAGCCATGTCAGT,,CD19_ATCAGCCATGTCAGT
C0096,30-F11,anti-mouse CD45,CD45,Ptprc ,TGGCTATGGAGCAGA,,CD45_TGGCTATGGAGCAGA
C0098,A2F10,anti-mouse CD135,FLT3,Flt3,GTAGCAAGATTCAAG,,FLT3_GTAGCAAGATTCAAG
C0103,RA3-6B2,anti-mouse/human CD45R/B220,B220,Ptprc,CCTACACCTCATAAT,,B220_CCTACACCTCATAAT
C0105,AFS98,anti-mouse CD115 (CSF-1R),CSF1R,Csf1r,TTCCGTTGTTGTGAG,,CSF1R_TTCCGTTGTTGTGAG
C0106,N418,anti-mouse CD11c,CD11c,Itgax,GTTATGGACGCTTGC,,CD11c_GTTATGGACGCTTGC
C0109,93,anti-mouse CD16/32,CD16,Fcgr2b,TTCGATGCTGGAGCA,,CD16_TTCGATGCTGGAGCA
C0110,S11,anti-mouse CD43,CD43,Spn,TTGGAGGGTTGTGCT,,CD43_TTGGAGGGTTGTGCT
C0111,53-7.3,anti-mouse CD5,CD5,Cd5,CAGCTCAGTGTGTTG,,CD5_CAGCTCAGTGTGTTG
C0112,MEL-14,anti-mouse CD62L,CD62L,Sell,TGGGCCTAAGTCATC,,CD62L_TGGGCCTAAGTCATC
C0114,BM8,anti-mouse F4/80,F4-80,Adgre1,TTAACTTCAGCCCGT,,F4-80_TTAACTTCAGCCCGT
C0115,43891,anti-mouse FcεRIα,FCER1A,Fcer1a,AGTCACCTCGAAGCT,,FCER1A_AGTCACCTCGAAGCT
C0116,RB6-8C5,anti-mouse Ly-6G/Ly-6C (Gr-1),Gr-1,cd11,TAGTGTATGGACACG,,Gr-1_TAGTGTATGGACACG
C0117,M5/114.15.2,anti-mouse I-A/I-E,I-A_I-E,H2-Ab1_H2-Eb1,GGTCACCAGTATGAT,,I-A_I-E_GGTCACCAGTATGAT
C0118,PK136,anti-mouse NK-1.1,NK1.1,Klrb1,GTAACATTACTCGTC,,NK1.1_GTAACATTACTCGTC
C0120,H57-597,anti-mouse TCR β chain,TCRb,Trbc,TCCTATGGGACTCAG,,TCRb_TCCTATGGGACTCAG
C0121,GL3,anti-mouse TCR γ/δ,TCR-gd,Trdc,AACCCAAATAGCTGA,,TCR-gd_AACCCAAATAGCTGA
C0122,TER-119,anti-mouse TER-119/Erythroid Cells,TER-119,Ly76,GCGCGTTTGTGCTAT,,TER-119_GCGCGTTTGTGCTAT
C0130,D7,anti-mouse Ly-6A/E (Sca-1),Sca-1,Ly6a,TTCCTTTCCTACGCA,,Sca-1_TTCCTTTCCTACGCA
C0157,104,anti-mouse CD45.2,CD45.2,Ptprc ,CACCGTCATTCAACC,,CD45.2_CACCGTCATTCAACC
C0171,C398.4A,anti-human/mouse/rat CD278 (ICOS),ICOS,Icos,CGCGCACCCATTAAA,,ICOS_CGCGCACCCATTAAA
C0178,A20,anti-mouse CD45.1,CD45.1,Ptprc ,CCTATGGACTTGGAC,,CD45.1_CCTATGGACTTGGAC
C0182,17A2,anti-mouse CD3,CD3,Cd3d,GTATGTCCGCTCGAT,,CD3_GTATGTCCGCTCGAT
C0184,29A1.4,anti-mouse CD335 (NKp46),NKp46,Ncr1,CCCTTTCACCTCGAA,,NKp46_CCCTTTCACCTCGAA
C0190,MIH6,"anti-mouse CD274 (B7-H1, PD-L1)",PD-L1,Cd274,TCGATTCCACCAACT,,PD-L1_TCGATTCCACCAACT
C0191,LG.3A10,anti-mouse/rat/human CD27,CD27,Cd27,CAAGGTATGTCACTG,,CD27_CAAGGTATGTCACTG
C0193,DTA-1,anti-mouse CD357 (GITR),GITR,Tnfrsf18,GGCACTCTGTAACAT,,GITR_GGCACTCTGTAACAT
C0194,17B5,anti-mouse CD137,CD137,Tnfrsf9,TCCCTGTATAGATGA,,CD137_TCCCTGTATAGATGA
C0195,OX-86,anti-mouse CD134 (OX-40),OX-40,Tnfrsf4,CTCACCTACCTATGG,,OX-40_CTCACCTACCTATGG
C0197,H1.2F3,anti-mouse CD69,CD69,Cd69,TTGTATTCCGCCATT,,CD69_TTGTATTCCGCCATT
C0198,A7R34,anti-mouse CD127 (IL-7Rα),IL-7Ra,Il7r,GTGTGAGGCACTCTT,,IL-7Ra_GTGTGAGGCACTCTT
C0200,GL-1,anti-mouse CD86,CD86,Cd86,CTGGATTTGTGTATC,,CD86_CTGGATTTGTGTATC
C0201,20000000,anti-mouse CD103,CD103,Itgae,TTCATTAGCCCGCTG,,CD103_TTCATTAGCCCGCTG
C0202,X54-5/7.1,anti-mouse CD64 (FcγRI),FCGR1,Fcgr1,AGCAATTAACGGGAG,,FCGR1_AGCAATTAACGGGAG
C0203,TC15-12F12.2,anti-mouse CD150 (SLAM),SLAM,Slamf1,CAACGCCTAGAAACC,,SLAM_CAACGCCTAGAAACC
C0204,M17/4,anti-mouse CD11a,CD11a,Itgal,AGAGTCTCCCTTTAG,,CD11a_AGAGTCTCCCTTTAG
C0204,37.51,anti-mouse CD28,CD28,Cd28,ATTAAGAGCGTGTTG,,CD28_ATTAAGAGCGTGTTG
C0211,UC3-10A6,anti-mouse TCR Vγ2,TCR-vg2,Trgv2,AAGCTGCACCGTAAT,,TCR-vg2_AAGCTGCACCGTAAT
C0212,M1/69,anti-mouse CD24,CD24,Cd24,TATATCTTTGCCGCA,,CD24_TATATCTTTGCCGCA
C0214,FIB504,anti-human/mouse integrin β7,ITB7,Itgb7,TCCTTGGATGTACCG,,ITB7_TCCTTGGATGTACCG
C0228,CXCR3-173,anti-mouse CD183 (CXCR3),CXCR3,Cxcr3,GTTCACGCCGTGTTA,,CXCR3_GTTCACGCCGTGTTA
C0250,2F1/KLRG1,anti-mouse/human KLRG1 (MAFA),KLRG1,Klrg1,GTAGTAGGCTAGACC,,KLRG1_GTAGTAGGCTAGACC
C0354,MR9-4,"anti-mouse  TCR Vβ5.1, 5.2",TCR-vb5.1_TCR-vb5.2,Trbv5-1,CTCAACAGTATTCTG,,TCR-vb5.1_TCR-vb5.2_CTCAACAGTATTCTG
C0377,4B12,anti-mouse CD197 (CCR7),CCR7,Ccr7,TTATTAACAGCCCAC,,CCR7_TTATTAACAGCCCAC
C0378,C9B7W,anti-mouse CD223 (LAG-3),LAG-3,Lag3,ATTCCGTCCCTAAGG,,LAG-3_ATTCCGTCCCTAAGG
C0380,OX-7,anti-rat CD90/mouse CD90.1,THY1.1,Thy1,AGTATGGGATGCAAT,,THY1.1_AGTATGGGATGCAAT
C0422,P84,anti-mouse CD172a (SIRPα),SIRPA,Sirpa,GATTCCCTTGTAGCA,,SIRPA_GATTCCCTTGTAGCA
C0424,Sa14-2,anti-mouse CD14,CD14,Cd14,AACCAACAGTCACGT,,CD14_AACCAACAGTCACGT
C0437,4C7,anti-mouse/human CD207,CD207,Cd207,CGATTTGTATTCCCT,,CD207_CGATTTGTATTCCCT
C0440,3D6.112,anti-mouse CD169/Siglec-1,Siglec-1,Siglec1,ATTGACGACAGTCAT,,Siglec-1_ATTGACGACAGTCAT
C0449,G8.8,anti-mouse CD326 (Ep-CAM),Ep-CAM,Epcam,ACCCGCGTTAGTATG,,Ep-CAM_ACCCGCGTTAGTATG
C0450,RMM-1,anti-mouse IgM,IgM,Ighm,AGCTACGCATTCAAT,,IgM_AGCTACGCATTCAAT
C0557,90,anti-mouse CD38,CD38,Cd38,CGTATCCGTCTCCTA,,CD38_CGTATCCGTCTCCTA
C0560,FA-11,anti-mouse CD68,CD68,Cd68,CTTTCTTTCACGGGA,,CD68_CTTTCTTTCACGGGA
C0563,SA011F11,anti-mouse CX3CR1,CX3CR1,Cx3cr1,CACTCTCAGTCCTAT,,CX3CR1_CACTCTCAGTCCTAT
C0568,ZET,anti-mouse/rat XCR1,XCR1,Xcr1,TCCATTACCCACGTT,,XCR1_TCCATTACCCACGTT
C0810,281-2,anti-mouse CD138 (Syndecan-1),CD138,Sdc1,GCGTTTGTATGTACT,,CD138_GCGTTTGTATGTACT
C0811,927,"anti-mouse CD317 (BST2, PDCA-1)",PDCA1,Bst2,TGTGGTAGCCCTTGT,,PDCA1_TGTGGTAGCCCTTGT
C0823,SA376A4,anti-mouse CD34,CD34,Cd34,AAACTCAGGTCCTTC,,CD34_AAACTCAGGTCCTTC
C0834,Duha59,anti-mouse CD39,CD39,Entpd1,GCGTATTTAACCCGT,,CD39_GCGTATTTAACCCGT
C0837,DIH9,"anti-mouse IL-33Rα (IL1RL1, ST2)",IL1RL1,Il1rl1,GCGATGGAGCATGTT,,IL1RL1_GCGATGGAGCATGTT
C0846,L138D7,anti-mouse CD185 (CXCR5),CXCR5,Cxcr5,ACGTAGTCACCTAGT,,CXCR5_ACGTAGTCACCTAGT
C0847,7E.17G9,anti-mouse CD278 (ICOS),ICOS,Icos,ACTGCCATATCCCTA,,ICOS_ACTGCCATATCCCTA
C0848,1G9,anti-mouse TIGIT (Vstm3),TIGIT,Tigit,GAAAGTCGCCAACAG,,TIGIT_GAAAGTCGCCAACAG
C0849,16-10A1,anti-mouse CD80,CD80,Cd80,GACCCGGTGTCATTT,,CD80_GACCCGGTGTCATTT
C0850,HM_1,anti-mouse CD49a,CD49a,Itga1,CCATTCATTTGTGGC,,CD49a_CCATTCATTTGTGGC
C0895,M3/38,anti-mouse/human Mac-2 (Galectin-3),Galectin-3,Lgals3,GATGCAATTAGCCGG,,Galectin-3_GATGCAATTAGCCGG
C0903,43913,anti-mouse CD40,CD40,Cd40,ATTTGTATGCTGGAG,,CD40_ATTTGTATGCTGGAG
C0904,390,anti-mouse CD31,CD31,Pecam1,GCTGTAGTATCATGT,,CD31_GCTGTAGTATCATGT
C0905,1D4B,anti-mouse CD107a (LAMP-1),LAMP-1,Lamp1,AAATCTGTGCCGTAC,,LAMP-1_AAATCTGTGCCGTAC
C0907,SA214G2,anti-mouse CD198 (CCR8),CCR8,Ccr8,ATCTCCGTTGTGCGA,,CCR8_ATCTCCGTTGTGCGA
C0909,SA044G4,anti-mouse CD182 (CXCR2),CXCR2,Cxcr2,TTTCCTTGTAGAGCG,,CXCR2_TTTCCTTGTAGAGCG
C0910,2C9.G2 (HM_3-1),anti-mouse/rat CD61,CD61,Itgb3,TTCTTTACCCGCCTG,,CD61_TTCTTTACCCGCCTG
C0916,I015F8,anti-mouse CD124 (IL-4Rα),IL-4Ra,Il4ra,GAACCGTAGTATAAC,,IL-4Ra_GAACCGTAGTATAAC
C0917,SA367H8,anti-mouse CD95 (Fas),FAS,Fas,CACATCGTTTGTGTA,,FAS_CACATCGTTTGTGTA
C0924,RM134L,anti-mouse CD252 (OX40 Ligand),OX40L,Tnfsf4,TCTCAGAACAGCCCT,,OX40L_TCTCAGAACAGCCCT
C0981,B20.1,anti-mouse TCR Vα2,TCR-va2,Trav2,TTGACCCGCTACGAA,,TCR-va2_TTGACCCGCTACGAA
C0982,B21.14,anti-mouse TCR Vα8.3,TCR-va8.3,Trav8-3,TTAGAGTCGCTTGGA,,TCR-va8.3_TTAGAGTCGCTTGGA
C0983,KT50,anti-mouse TCR Vα8.3,TCR-va8.3-bis,Trav8-3,CTTTCCCTAGTATGC,,TCR-va8.3-bis_CTTTCCCTAGTATGC
C0984,RR8-1,"anti-mouse  TCR Vα11.1, 11.2",TCR-va11.1_TCR-va11.2,Trav11-1,CTTACCCGGATTCTA,,TCR-va11.1_TCR-va11.2_CTTACCCGGATTCTA
C0986,UC7-13D5,anti-mouse TCR γδ,TCR-gd-bis,Trdc,ATCAACCGCCCTAAG,,TCR-gd-bis_ATCAACCGCCCTAAG
,,,Hash1_Dispase,,ACCCACCAGTAAGAC,,Hash1_Dispase_ACCCACCAGTAAGAC
,,,Hash2_Collagenase2,,GGTCGAGAGCATTCA,,Hash2_Collagenase2_GGTCGAGAGCATTCA
,,,Hash3_Collagenase4,,CTTGCCGCATGTCAT,,Hash3_Collagenase4_CTTGCCGCATGTCAT
,,,Hash4,,AAAGCATTCTTCACG,,Hash4_AAAGCATTCTTCACG
,,,Hash5_Collagenase7,,CTTTGTCTTTGTGAG,,Hash5_Collagenase7_CTTTGTCTTTGTGAG
,,,Hash6_Undigested,,TATGCTGCCACGGTA,,Hash6_Undigested_TATGCTGCCACGGTA
,,,Hash7_UndigestedHalfADT,,GAGTCTGCCAGTATC,,Hash7_UndigestedHalfADT_GTCTGCCAGTATC
,,,Hash8,,TATAGAACGCCAGGC,,Hash8_TATAGAACGCCAGGC
,,,Hash9_Colon,,TGCCTATGAAACAAG,,Hash9_Colon_TGCCTATGAAACAAG
,,,Hash10_SpleenCtrlForColon,,CCGATTGTAACAGAC,,Hash10_SpleenCtrlForColon_CCGATTGTAACAGAC