hash_SEQUENCE,ADT_symbol,PROTEIN_SYMBOL
ACCCACCAGTAAGAC,HT1_NEVERUSE,HT1_NEVERUSE_ACCCACCAGTAAGAC
GGTCGAGAGCATTCA,HT2,HT2_GGTCGAGAGCATTCA
CTTGCCGCATGTCAT,HT3,HT3_CTTGCCGCATGTCAT
AAAGCATTCTTCACG,HT4,HT4_AAAGCATTCTTCACG
CTTTGTCTTTGTGAG,HT5,HT5_CTTTGTCTTTGTGAG
TATGCTGCCACGGTA,HT6,HT6_TATGCTGCCACGGTA
GAGTCTGCCAGTATC,HT7 ,HT7 _GAGTCTGCCAGTATC
TATAGAACGCCAGGC,HT8,HT8_TATAGAACGCCAGGC
TGCCTATGAAACAAG,HT9,HT9_TGCCTATGAAACAAG
CCGATTGTAACAGAC,HT10,HT10_CCGATTGTAACAGAC
AACAAGACCCTTGAG,CD4,CD4_AACAAGACCCTTGAG
TACCCGTAATAGCGT,CD8A,CD8A_TACCCGTAATAGCGT
ATTGGCACTCAGATG,HAVCR2,HAVCR2_ATTGGCACTCAGATG
GAAAGTCAAAGCACT,PDCD1.PD1.CD279,PDCD1.PD1.CD279_GAAAGTCAAAGCACT
TGCATGTCATCGGTG,KIT,KIT_TGCATGTCATCGGTG
AAGTCGTGAGGCATG,LY6C1_LY6C2,LY6C1_LY6C2_AAGTCGTGAGGCATG
TGAAGGCTCATTTGT,ITAM.CD11B,ITAM.CD11B_TGAAGGCTCATTTGT
ACATTGACGCAACTA,LY6G,LY6G_ACATTGACGCAACTA
TTCCGAGGATGATCT,ITA6.CD49F,ITA6.CD49F_TTCCGAGGATGATCT
TGGCTTCAGGTCCTA,CD44,CD44_TGGCTTCAGGTCCTA
ATAACCGACACAGTG,ICAM1,ICAM1_ATAACCGACACAGTG
CCGATCAGCCGTTTA,THY1.2,THY1.2_CCGATCAGCCGTTTA
GCTAGTTTGTGCTGC,CD15,CD15_GCTAGTTTGTGCTGC
ACACTTAACGTCTGG,CD73.5NTD,CD73.5NTD_ACACTTAACGTCTGG
CGCTTGGACGCTTAA,ITA4.CD49D,ITA4.CD49D_CGCTTGGACGCTTAA
TCAATTCCGGTAGTC,CD200,CD200_TCAATTCCGGTAGTC
GCCGGACGACATTAA,Isotype.Mouse.IgG1k,Isotype.Mouse.IgG1k_GCCGGACGACATTAA
CTCCTACCTAAACTG,Isotype.Mouse.IgG2ak,Isotype.Mouse.IgG2ak_CTCCTACCTAAACTG
ATATGTATCACGCGA,Isotype.Mouse.IgG2bk,Isotype.Mouse.IgG2bk_ATATGTATCACGCGA
ATCAGCCATGTCAGT,CD19,CD19_ATCAGCCATGTCAGT
TAATGCCAGTTGTGC,CD3E,CD3E_TAATGCCAGTTGTGC
GATTCTTGACGACCT,Isotype.Rat.IgG2bk,Isotype.Rat.IgG2bk_GATTCTTGACGACCT
ACCATGAGACACAGT,IL2RA.CD25,IL2RA.CD25_ACCATGAGACACAGT
GTAGCAAGATTCAAG,FLT3,FLT3_GTAGCAAGATTCAAG
CCTACACCTCATAAT,B220,B220_CCTACACCTCATAAT
TTCCGTTGTTGTGAG,CSF1R,CSF1R_TTCCGTTGTTGTGAG
GTTATGGACGCTTGC,ITAX.CD11C,ITAX.CD11C_GTTATGGACGCTTGC
GGATAATTTCGATCC,CD21_CD35,CD21_CD35_GGATAATTTCGATCC
TCTCTTGGAAGATGA,CD23,CD23_TCTCTTGGAAGATGA
TTCGATGCTGGAGCA,CD16_CD32,CD16_CD32_TTCGATGCTGGAGCA
TTGGAGGGTTGTGCT,CD43,CD43_TTGGAGGGTTGTGCT
CAGCTCAGTGTGTTG,CD5,CD5_CAGCTCAGTGTGTTG
TGGGCCTAAGTCATC,CD62L,CD62L_TGGGCCTAAGTCATC
GGTATTTCCTGTGGT,CD93,CD93_GGTATTTCCTGTGGT
TTAACTTCAGCCCGT,F480,F480_TTAACTTCAGCCCGT
AGTCACCTCGAAGCT,FCERA,FCERA_AGTCACCTCGAAGCT
TAGTGTATGGACACG,GR1_LY6G_LY6C1_LY6C2,GR1_LY6G_LY6C1_LY6C2_TAGTGTATGGACACG
GGTCACCAGTATGAT,I.A_I.E,I.A_I.E_GGTCACCAGTATGAT
GTAACATTACTCGTC,KLRBC_NK1.1,KLRBC_NK1.1_GTAACATTACTCGTC
CCGCACCTACATTAG,SIGLECH,SIGLECH_CCGCACCTACATTAG
TCCTATGGGACTCAG,TCRB,TCRB_TCCTATGGGACTCAG
AACCCAAATAGCTGA,TCRGD,TCRGD_AACCCAAATAGCTGA
GCGCGTTTGTGCTAT,TER119,TER119_GCGCGTTTGTGCTAT
TTCCTTTCCTACGCA,SCA1,SCA1_TTCCTTTCCTACGCA
CACCGTCATTCAACC,CD45.2,CD45.2_CACCGTCATTCAACC
CGCGCACCCATTAAA,ICOS.CD278,ICOS.CD278_CGCGCACCCATTAAA
TCAACTCGGTGTTGC,CD206,CD206_TCAACTCGGTGTTGC
CCTATGGACTTGGAC,CD45.1,CD45.1_CCTATGGACTTGGAC
GTATGTCCGCTCGAT,CD3,CD3_GTATGTCCGCTCGAT
CCCTTTCACCTCGAA,NKP46,NKP46_CCCTTTCACCTCGAA
TCGATTCCACCAACT,PD1L1.CD274,PD1L1.CD274_TCGATTCCACCAACT
CAAGGTATGTCACTG,CD27,CD27_CAAGGTATGTCACTG
TCCACTCCCTGTATA,CD20,CD20_TCCACTCCCTGTATA
GGCACTCTGTAACAT,GITR.CD357,GITR.CD357_GGCACTCTGTAACAT
TCCCTGTATAGATGA,CD137,CD137_TCCCTGTATAGATGA
CTCACCTACCTATGG,OX40.CD134,OX40.CD134_CTCACCTACCTATGG
TTGTATTCCGCCATT,CD69,CD69_TTGTATTCCGCCATT
GTGTGAGGCACTCTT,IL7RA.CD127,IL7RA.CD127_GTGTGAGGCACTCTT
CTGGATTTGTGTATC,CD86,CD86_CTGGATTTGTGTATC
TTCATTAGCCCGCTG,CD103,CD103_TTCATTAGCCCGCTG
AGCAATTAACGGGAG,CD64.FCGR1,CD64.FCGR1_AGCAATTAACGGGAG
CAACGCCTAGAAACC,SLAM.CD150,SLAM.CD150_CAACGCCTAGAAACC
ATTAAGAGCGTGTTG,CD28,CD28_ATTAAGAGCGTGTTG
TCGTTTAACCAGCCT,TCRVG1.1,TCRVG1.1_TCGTTTAACCAGCCT
TCGTGGTCCCTTTCT,TCRVG3,TCRVG3_TCGTGGTCCCTTTCT
AAGCTGCACCGTAAT,TCRVG2,TCRVG2_AAGCTGCACCGTAAT
TATATCTTTGCCGCA,CD24,CD24_TATATCTTTGCCGCA
TCCTTGGATGTACCG,ITB7,ITB7_TCCTTGGATGTACCG
CTCTCTGCATTCCTC,CCR6,CCR6_CTCTCTGCATTCCTC
CGTTCCTACCTACCT,CD106,CD106_CGTTCCTACCTACCT
GGTATGCGACACTTA,IL2RB.CD122,IL2RB.CD122_GGTATGCGACACTTA
GTTCACGCCGTGTTA,CXCR3,CXCR3_GTTCACGCCGTGTTA
TGTGTGCCGTAGACT,CD62P,CD62P_TGTGTGCCGTAGACT
TTCCCTCTATGGAGC,CD8B,CD8B_TTCCCTCTATGGAGC
CGTTTATGGGATGGG,H2KB,H2KB_CGTTTATGGGATGGG
TTGGGCGATTAAGAA,MADCAM1,MADCAM1_TTGGGCGATTAAGAA
ACTATCCGTTGTGCT,TCRVB8.1_TCRVB8.2,TCRVB8.1_TCRVB8.2_ACTATCCGTTGTGCT
ATCAGATGCCCTCAT,Isotype.Rat.IgG1bk,Isotype.Rat.IgG1bk_ATCAGATGCCCTCAT
GGGAGCGATTCAACT,Isotype.Rat.IgG1bl,Isotype.Rat.IgG1bl_GGGAGCGATTCAACT
AAGTCAGGTTCGTTT,Isotype.Rat.IgG2ak,Isotype.Rat.IgG2ak_AAGTCAGGTTCGTTT
TCCAGGCTAGTCATT,Isotype.Rat.IgG2ck,Isotype.Rat.IgG2ck_TCCAGGCTAGTCATT
CCTGTCATTAAGACT,Isotype.Hamster.IgG,Isotype.Hamster.IgG_CCTGTCATTAAGACT
GTAGTAGGCTAGACC,KLRG1,KLRG1_GTAGTAGGCTAGACC
CTCAACAGTATTCTG,TCRVB5.1_TCRVB5.2,TCRVB5.1_TCRVB5.2_CTCAACAGTATTCTG
TTATTAACAGCCCAC,CCR7,CCR7_TTATTAACAGCCCAC
ATTCCGTCCCTAAGG,LAG3.CD223,LAG3.CD223_ATTCCGTCCCTAAGG
AGTATGGGATGCAAT,THY1.1.CD90.1,THY1.1.CD90.1_AGTATGGGATGCAAT
AGTGTTTGTCCTGGT,CD152,CD152_AGTGTTTGTCCTGGT
CGGTCCGTATCATTT,CD300LG,CD300LG_CGGTCCGTATCATTT
GAGCAAGATTAAGAC,CD163,CD163_GAGCAAGATTAAGAC
CGCGTTAGTAGAGTC,CD49B,CD49B_CGCGTTAGTAGAGTC
GATTCCCTTGTAGCA,SIRPA.CD172A,SIRPA.CD172A_GATTCCCTTGTAGCA
AACCAACAGTCACGT,CD14,CD14_AACCAACAGTCACGT
AGTGCGATCTGCAAC,CCR2.CD192,CCR2.CD192_AGTGCGATCTGCAAC
AGAACCGCCGTAGTT,CD48,CD48_AGAACCGCCGTAGTT
TCAATCTCCGTCGCT,SIGLECF.CD170,SIGLECF.CD170_TCAATCTCCGTCGCT
CGATTTGTATTCCCT,LANGERIN.CD207,LANGERIN.CD207_CGATTTGTATTCCCT
TATGATCTGCCCTTG,EPCR.CD201,EPCR.CD201_TATGATCTGCCCTTG
ATTGACGACAGTCAT,SIGLEC1.CD169,SIGLEC1.CD169_ATTGACGACAGTCAT
ACCGACCAGTAGACA,CD71,CD71_ACCGACCAGTAGACA
TCCGGTCACTCAGTA,NOTCH1,NOTCH1_TCCGGTCACTCAGTA
AGCTAGACACGTTGT,CD204,CD204_AGCTAGACACGTTGT
ACCCGCGTTAGTATG,EPCAM.CD326,EPCAM.CD326_ACCCGCGTTAGTATG
AGCTACGCATTCAAT,IGM,IGM_AGCTACGCATTCAAT
CCAGCTCATTCAACG,NEUROPILIN1.CD304,NEUROPILIN1.CD304_CCAGCTCATTCAACG
ATAAGAGCCCACCAT,VEGFR2.CD309,VEGFR2.CD309_ATAAGAGCCCACCAT
AACTCAGTTGTGCCG,CLEC9A.CD370,CLEC9A.CD370_AACTCAGTTGTGCCG
CGTATCCGTCTCCTA,CD38,CD38_CGTATCCGTCTCCTA
ATTGTTGTCAGACCA,CD55.DAF,CD55.DAF_ATTGTTGTCAGACCA
ATCCGACACGTATTA,CD63,CD63_ATCCGACACGTATTA
CTTTCTTTCACGGGA,CD68,CD68_CTTTCTTTCACGGGA
TCTCAGGCTTCCTAG,CD83,CD83_TCTCAGGCTTCCTAG
CACTCTCAGTCCTAT,CXCR1,CXCR1_CACTCTCAGTCCTAT
AGTAGAGCAACTCGT,MERTK,MERTK_AGTAGAGCAACTCGT
CTTGCCTTGCGATTT,CD301B,CD301B_CTTGCCTTGCGATTT
TGCTGGAGGGTATTC,TIM4,TIM4_TGCTGGAGGGTATTC
TCCATTACCCACGTT,XCR1,XCR1_TCCATTACCCACGTT
ACGCATTCCTTGTGT,CD29,CD29_ACGCATTCCTTGTGT
TCATATCCGTTGTCC,IGD,IGD_TCATATCCGTTGTCC
GTCATTGCGGTCCTA,CD140A,CD140A_GTCATTGCGGTCCTA
AGAGTCTCCCTTTAG,CD11A,CD11A_AGAGTCTCCCTTTAG
TATAGTTTCCGCCGT,ESAM,ESAM_TATAGTTTCCGCCGT
ATTCTTTCCCTCTGT,CD200R,CD200R_ATTCTTTCCCTCTGT
GCGTTTGTATGTACT,CD138,CD138_GCGTTTGTATGTACT
TGTGGTAGCCCTTGT,BST2.PDCA1.CD317,BST2.PDCA1.CD317_TGTGGTAGCCCTTGT
TATCCCTGCCTTGCA,CD105,CD105_TATCCCTGCCTTGCA
TAGCAGTCACTCCTA,CD9,CD9_TAGCAGTCACTCCTA
AAACTCAGGTCCTTC,CD34,CD34_AAACTCAGGTCCTTC
TGCTTCATTCATGTG,P2X7R,P2X7R_TGCTTCATTCATGTG
TTCATGTGTTTGTGC,CCR4.CD194,CCR4.CD194_TTCATGTGTTTGTGC
GCGTATTTAACCCGT,CD39,CD39_GCGTATTTAACCCGT
GCTTGGGCAATTAAG,TNFRSF25.DR3,TNFRSF25.DR3_GCTTGGGCAATTAAG
GCGATGGAGCATGTT,IL1RL1.ST2,IL1RL1.ST2_GCGATGGAGCATGTT
AATTCCGTCAGATGA,LY49A,LY49A_AATTCCGTCAGATGA
ACGTAGTCACCTAGT,CXCR5,CXCR5_ACGTAGTCACCTAGT
ACTGCCATATCCCTA,ICOS.CD278.bis,ICOS.CD278.bis_ACTGCCATATCCCTA
GAAAGTCGCCAACAG,TIGIT,TIGIT_GAAAGTCGCCAACAG
GACCCGGTGTCATTT,CD80,CD80_GACCCGGTGTCATTT
CCATTCATTTGTGGC,CD49A,CD49A_CCATTCATTTGTGGC
CAACTTGGCCGAATC,CD1D,CD1D_CAACTTGGCCGAATC
GTTATGGTTCGTGTT,JAML,JAML_GTTATGGTTCGTGTT
GATTCCGACAGTAGA,IL21R,IL21R_GATTCCGACAGTAGA
TGACCCTATTGAGAA,BTLA.CD272,BTLA.CD272_TGACCCTATTGAGAA
GATCCGTGTTGCCTA,HVEM.CD270,HVEM.CD270_GATCCGTGTTGCCTA
TTGCCGTGTGTTTAA,CD2,CD2_TTGCCGTGTGTTTAA
GAAGCTGTATCCGAA,CD120B,CD120B_GAAGCTGTATCCGAA
GATGCAATTAGCCGG,GALECTIN3,GALECTIN3_GATGCAATTAGCCGG
ATTTGTATGCTGGAG,CD40,CD40_ATTTGTATGCTGGAG
GCTGTAGTATCATGT,CD31,CD31_GCTGTAGTATCATGT
AAATCTGTGCCGTAC,LAMP1.CD107A,LAMP1.CD107A_AAATCTGTGCCGTAC
ATCTCCGTTGTGCGA,CCR8,CCR8_ATCTCCGTTGTGCGA
TTTCCTTGTAGAGCG,CXCR2,CXCR2_TTTCCTTGTAGAGCG
TTCTTTACCCGCCTG,CD61,CD61_TTCTTTACCCGCCTG
CACTCCTTGTAGTCA,PD1L2.CD273,PD1L2.CD273_CACTCCTTGTAGTCA
ACATTTCCCTTGCCT,VISTA,VISTA_ACATTTCCCTTGCCT
GAACCGTAGTATAAC,IL4RA.CD124,IL4RA.CD124_GAACCGTAGTATAAC
CACATCGTTTGTGTA,FAS.CD95,FAS.CD95_CACATCGTTTGTGTA
TCTCAGAACAGCCCT,OX40L.CD252,OX40L.CD252_TCTCAGAACAGCCCT
TGTCAGGTTGTATTC,CXCR6.CD186,CXCR6.CD186_TGTCAGGTTGTATTC
CGATTCTTTGCGAGT,LY108,LY108_CGATTCTTTGCGAGT
CGGTATCCGTCAGTT,CD226.DNAM1,CD226.DNAM1_CGGTATCCGTCAGTT
TTGACCCGCTACGAA,TCRVA2,TCRVA2_TTGACCCGCTACGAA
TTAGAGTCGCTTGGA,TCRVA8.3,TCRVA8.3_TTAGAGTCGCTTGGA
CTTTCCCTAGTATGC,TCRVA8.3bis,TCRVA8.3bis_CTTTCCCTAGTATGC
CTTACCCGGATTCTA,TCRVA11.1_TCRVA11.2,TCRVA11.1_TCRVA11.2_CTTACCCGGATTCTA
ATCAACCGCCCTAAG,TCRGDbis,TCRGDbis_ATCAACCGCCCTAAG
GCGTATGTCAGTACC,CD160,CD160_GCGTATGTCAGTACC
ATGTCAACTCTGGGA,CD85K,CD85K_ATGTCAACTCTGGGA
CACAGTTGTCCGTGT,CD94,CD94_CACAGTTGTCCGTGT
CATATTGGCCGTAGT,DEC205.CD205,DEC205.CD205_CATATTGGCCGTAGT
TAGCTTGGGATTAAG,CD155.PVR,CD155.PVR_TAGCTTGGGATTAAG
GTCACGTAGTATCTT,FASL.CD178,FASL.CD178_GTCACGTAGTATCTT
CTTTAGCAATTAGCG,IL23R,IL23R_CTTTAGCAATTAGCG
TCCGTTTGTTGTTGT,LY51,LY51_TCCGTTTGTTGTTGT
TGATCTAAGGTATGC,FR4,FR4_TGATCTAAGGTATGC
ATCATTCCCGCTTAA,CD30,CD30_ATCATTCCCGCTTAA
TTGTATCTCCCTTGG,CD45RB,CD45RB_TTGTATCTCCCTTGG
TTGTCACCAACTTCC,CD81,CD81_TTGTCACCAACTTCC
