ACCCACCAGTAAGAC,HT1_NEVERUSE
GGTCGAGAGCATTCA,HT2
CTTGCCGCATGTCAT,HT3
AAAGCATTCTTCACG,HT4
CTTTGTCTTTGTGAG,HT5
TATGCTGCCACGGTA,HT6
GAGTCTGCCAGTATC,HT7 
TATAGAACGCCAGGC,HT8
TGCCTATGAAACAAG,HT9
CCGATTGTAACAGAC,HT10
AACAAGACCCTTGAG,CD4
TACCCGTAATAGCGT,CD8A
ATTGGCACTCAGATG,HAVCR2
GAAAGTCAAAGCACT,PDCD1.PD1.CD279
TGCATGTCATCGGTG,KIT
AAGTCGTGAGGCATG,LY6C1_LY6C2
TGAAGGCTCATTTGT,ITAM.CD11B
ACATTGACGCAACTA,LY6G
TTCCGAGGATGATCT,ITA6.CD49F
TGGCTTCAGGTCCTA,CD44
ATAACCGACACAGTG,ICAM1
CCGATCAGCCGTTTA,THY1.2
GCTAGTTTGTGCTGC,CD15
ACACTTAACGTCTGG,CD73.5NTD
CGCTTGGACGCTTAA,ITA4.CD49D
TCAATTCCGGTAGTC,CD200
GCCGGACGACATTAA,Isotype.Mouse.IgG1k
CTCCTACCTAAACTG,Isotype.Mouse.IgG2ak
ATATGTATCACGCGA,Isotype.Mouse.IgG2bk
ATCAGCCATGTCAGT,CD19
TAATGCCAGTTGTGC,CD3E
GATTCTTGACGACCT,Isotype.Rat.IgG2bk
ACCATGAGACACAGT,IL2RA.CD25
GTAGCAAGATTCAAG,FLT3
CCTACACCTCATAAT,B220
TTCCGTTGTTGTGAG,CSF1R
GTTATGGACGCTTGC,ITAX.CD11C
GGATAATTTCGATCC,CD21_CD35
TCTCTTGGAAGATGA,CD23
TTCGATGCTGGAGCA,CD16_CD32
TTGGAGGGTTGTGCT,CD43
CAGCTCAGTGTGTTG,CD5
TGGGCCTAAGTCATC,CD62L
GGTATTTCCTGTGGT,CD93
TTAACTTCAGCCCGT,F480
AGTCACCTCGAAGCT,FCERA
TAGTGTATGGACACG,GR1_LY6G_LY6C1_LY6C2
GGTCACCAGTATGAT,I.A_I.E
GTAACATTACTCGTC,KLRBC_NK1.1
CCGCACCTACATTAG,SIGLECH
TCCTATGGGACTCAG,TCRB
AACCCAAATAGCTGA,TCRGD
GCGCGTTTGTGCTAT,TER119
TTCCTTTCCTACGCA,SCA1
CACCGTCATTCAACC,CD45.2
CGCGCACCCATTAAA,ICOS.CD278
TCAACTCGGTGTTGC,CD206
CCTATGGACTTGGAC,CD45.1
GTATGTCCGCTCGAT,CD3
CCCTTTCACCTCGAA,NKP46
TCGATTCCACCAACT,PD1L1.CD274
CAAGGTATGTCACTG,CD27
TCCACTCCCTGTATA,CD20
GGCACTCTGTAACAT,GITR.CD357
TCCCTGTATAGATGA,CD137
CTCACCTACCTATGG,OX40.CD134
TTGTATTCCGCCATT,CD69
GTGTGAGGCACTCTT,IL7RA.CD127
CTGGATTTGTGTATC,CD86
TTCATTAGCCCGCTG,CD103
AGCAATTAACGGGAG,CD64.FCGR1
CAACGCCTAGAAACC,SLAM.CD150
ATTAAGAGCGTGTTG,CD28
TCGTTTAACCAGCCT,TCRVG1.1
TCGTGGTCCCTTTCT,TCRVG3
AAGCTGCACCGTAAT,TCRVG2
TATATCTTTGCCGCA,CD24
TCCTTGGATGTACCG,ITB7
CTCTCTGCATTCCTC,CCR6
CGTTCCTACCTACCT,CD106
GGTATGCGACACTTA,IL2RB.CD122
GTTCACGCCGTGTTA,CXCR3
TGTGTGCCGTAGACT,CD62P
TTCCCTCTATGGAGC,CD8B
CGTTTATGGGATGGG,H2KB
TTGGGCGATTAAGAA,MADCAM1
ACTATCCGTTGTGCT,TCRVB8.1_TCRVB8.2
ATCAGATGCCCTCAT,Isotype.Rat.IgG1bk
GGGAGCGATTCAACT,Isotype.Rat.IgG1bl
AAGTCAGGTTCGTTT,Isotype.Rat.IgG2ak
TCCAGGCTAGTCATT,Isotype.Rat.IgG2ck
CCTGTCATTAAGACT,Isotype.Hamster.IgG
GTAGTAGGCTAGACC,KLRG1
CTCAACAGTATTCTG,TCRVB5.1_TCRVB5.2
TTATTAACAGCCCAC,CCR7
ATTCCGTCCCTAAGG,LAG3.CD223
AGTATGGGATGCAAT,THY1.1.CD90.1
AGTGTTTGTCCTGGT,CD152
CGGTCCGTATCATTT,CD300LG
GAGCAAGATTAAGAC,CD163
CGCGTTAGTAGAGTC,CD49B
GATTCCCTTGTAGCA,SIRPA.CD172A
AACCAACAGTCACGT,CD14
AGTGCGATCTGCAAC,CCR2.CD192
AGAACCGCCGTAGTT,CD48
TCAATCTCCGTCGCT,SIGLECF.CD170
CGATTTGTATTCCCT,LANGERIN.CD207
TATGATCTGCCCTTG,EPCR.CD201
ATTGACGACAGTCAT,SIGLEC1.CD169
ACCGACCAGTAGACA,CD71
TCCGGTCACTCAGTA,NOTCH1
AGCTAGACACGTTGT,CD204
ACCCGCGTTAGTATG,EPCAM.CD326
AGCTACGCATTCAAT,IGM
CCAGCTCATTCAACG,NEUROPILIN1.CD304
ATAAGAGCCCACCAT,VEGFR2.CD309
AACTCAGTTGTGCCG,CLEC9A.CD370
CGTATCCGTCTCCTA,CD38
ATTGTTGTCAGACCA,CD55.DAF
ATCCGACACGTATTA,CD63
CTTTCTTTCACGGGA,CD68
TCTCAGGCTTCCTAG,CD83
CACTCTCAGTCCTAT,CXCR1
AGTAGAGCAACTCGT,MERTK
CTTGCCTTGCGATTT,CD301B
TGCTGGAGGGTATTC,TIM4
TCCATTACCCACGTT,XCR1
ACGCATTCCTTGTGT,CD29
TCATATCCGTTGTCC,IGD
GTCATTGCGGTCCTA,CD140A
AGAGTCTCCCTTTAG,CD11A
TATAGTTTCCGCCGT,ESAM
ATTCTTTCCCTCTGT,CD200R
GCGTTTGTATGTACT,CD138
TGTGGTAGCCCTTGT,BST2.PDCA1.CD317
TATCCCTGCCTTGCA,CD105
TAGCAGTCACTCCTA,CD9
AAACTCAGGTCCTTC,CD34
TGCTTCATTCATGTG,P2X7R
TTCATGTGTTTGTGC,CCR4.CD194
GCGTATTTAACCCGT,CD39
GCTTGGGCAATTAAG,TNFRSF25.DR3
GCGATGGAGCATGTT,IL1RL1.ST2
AATTCCGTCAGATGA,LY49A
ACGTAGTCACCTAGT,CXCR5
ACTGCCATATCCCTA,ICOS.CD278.bis
GAAAGTCGCCAACAG,TIGIT
GACCCGGTGTCATTT,CD80
CCATTCATTTGTGGC,CD49A
CAACTTGGCCGAATC,CD1D
GTTATGGTTCGTGTT,JAML
GATTCCGACAGTAGA,IL21R
TGACCCTATTGAGAA,BTLA.CD272
GATCCGTGTTGCCTA,HVEM.CD270
TTGCCGTGTGTTTAA,CD2
GAAGCTGTATCCGAA,CD120B
GATGCAATTAGCCGG,GALECTIN3
ATTTGTATGCTGGAG,CD40
GCTGTAGTATCATGT,CD31
AAATCTGTGCCGTAC,LAMP1.CD107A
ATCTCCGTTGTGCGA,CCR8
TTTCCTTGTAGAGCG,CXCR2
TTCTTTACCCGCCTG,CD61
CACTCCTTGTAGTCA,PD1L2.CD273
ACATTTCCCTTGCCT,VISTA
GAACCGTAGTATAAC,IL4RA.CD124
CACATCGTTTGTGTA,FAS.CD95
TCTCAGAACAGCCCT,OX40L.CD252
TGTCAGGTTGTATTC,CXCR6.CD186
CGATTCTTTGCGAGT,LY108
CGGTATCCGTCAGTT,CD226.DNAM1
TTGACCCGCTACGAA,TCRVA2
TTAGAGTCGCTTGGA,TCRVA8.3
CTTTCCCTAGTATGC,TCRVA8.3bis
CTTACCCGGATTCTA,TCRVA11.1_TCRVA11.2
ATCAACCGCCCTAAG,TCRGDbis
GCGTATGTCAGTACC,CD160
ATGTCAACTCTGGGA,CD85K
CACAGTTGTCCGTGT,CD94
CATATTGGCCGTAGT,DEC205.CD205
TAGCTTGGGATTAAG,CD155.PVR
GTCACGTAGTATCTT,FASL.CD178
CTTTAGCAATTAGCG,IL23R
TCCGTTTGTTGTTGT,LY51
TGATCTAAGGTATGC,FR4
ATCATTCCCGCTTAA,CD30
TTGTATCTCCCTTGG,CD45RB
TTGTCACCAACTTCC,CD81